,logic_number,logic_name
0,logic00001,sma_slope_80-5
1,logic00002,MACD_30-10
2,logic00003,sma_slope_80-5_MACD_30-10
3,logic00004,RSI_22
4,logic00005,sma_slope_80-5_RSI_22
5,logic00006,sma_slope_80-5_RSI_22_MACD_80-5
6,logic00007,bb_80_dev_1
7,logic00008,bb_80_dev1_RSI_22
8,logic00009,bb_80_dev_2
9,logic00010,bb_80_dev2_RSI_22
10,logic00011,bb_80_dev_3
11,logic00012,bb_80_dev3_RSI_22
12,logic00013,RSI_14
13,logic00014,sma_slope_80-5_RSI_14
14,logic00015,sma_slope_80-5_RSI_14_MACD_80-5
15,logic00016,bb_80_dev_1
16,logic00017,bb_80_dev1_RSI_14
17,logic00018,bb_80_dev_2
18,logic00019,bb_80_dev2_RSI_14
19,logic00020,bb_80_dev_3
20,logic00021,bb_80_dev3_RSI_14
21,logic00022,RSI_9
22,logic00023,sma_slope_80-5_RSI_9
23,logic00024,sma_slope_80-5_RSI_9_MACD_80-5
24,logic00025,bb_80_dev_1
25,logic00026,bb_80_dev1_RSI_9
26,logic00027,bb_80_dev_2
27,logic00028,bb_80_dev2_RSI_9
28,logic00029,bb_80_dev_3
29,logic00030,bb_80_dev3_RSI_9
30,logic00031,MACD_30-20
31,logic00032,sma_slope_80-5_MACD_30-20
32,logic00033,RSI_22
33,logic00034,sma_slope_80-5_RSI_22
34,logic00035,sma_slope_80-5_RSI_22_MACD_80-5
35,logic00036,bb_80_dev_1
36,logic00037,bb_80_dev1_RSI_22
37,logic00038,bb_80_dev_2
38,logic00039,bb_80_dev2_RSI_22
39,logic00040,bb_80_dev_3
40,logic00041,bb_80_dev3_RSI_22
41,logic00042,RSI_14
42,logic00043,sma_slope_80-5_RSI_14
43,logic00044,sma_slope_80-5_RSI_14_MACD_80-5
44,logic00045,bb_80_dev_1
45,logic00046,bb_80_dev1_RSI_14
46,logic00047,bb_80_dev_2
47,logic00048,bb_80_dev2_RSI_14
48,logic00049,bb_80_dev_3
49,logic00050,bb_80_dev3_RSI_14
50,logic00051,RSI_9
51,logic00052,sma_slope_80-5_RSI_9
52,logic00053,sma_slope_80-5_RSI_9_MACD_80-5
53,logic00054,bb_80_dev_1
54,logic00055,bb_80_dev1_RSI_9
55,logic00056,bb_80_dev_2
56,logic00057,bb_80_dev2_RSI_9
57,logic00058,bb_80_dev_3
58,logic00059,bb_80_dev3_RSI_9
59,logic00060,MACD_20-10
60,logic00061,sma_slope_80-5_MACD_20-10
61,logic00062,RSI_22
62,logic00063,sma_slope_80-5_RSI_22
63,logic00064,sma_slope_80-5_RSI_22_MACD_80-5
64,logic00065,bb_80_dev_1
65,logic00066,bb_80_dev1_RSI_22
66,logic00067,bb_80_dev_2
67,logic00068,bb_80_dev2_RSI_22
68,logic00069,bb_80_dev_3
69,logic00070,bb_80_dev3_RSI_22
70,logic00071,RSI_14
71,logic00072,sma_slope_80-5_RSI_14
72,logic00073,sma_slope_80-5_RSI_14_MACD_80-5
73,logic00074,bb_80_dev_1
74,logic00075,bb_80_dev1_RSI_14
75,logic00076,bb_80_dev_2
76,logic00077,bb_80_dev2_RSI_14
77,logic00078,bb_80_dev_3
78,logic00079,bb_80_dev3_RSI_14
79,logic00080,RSI_9
80,logic00081,sma_slope_80-5_RSI_9
81,logic00082,sma_slope_80-5_RSI_9_MACD_80-5
82,logic00083,bb_80_dev_1
83,logic00084,bb_80_dev1_RSI_9
84,logic00085,bb_80_dev_2
85,logic00086,bb_80_dev2_RSI_9
86,logic00087,bb_80_dev_3
87,logic00088,bb_80_dev3_RSI_9
88,logic00089,sma_slope_80-10
89,logic00090,MACD_30-10
90,logic00091,sma_slope_80-10_MACD_30-10
91,logic00092,RSI_22
92,logic00093,sma_slope_80-10_RSI_22
93,logic00094,sma_slope_80-10_RSI_22_MACD_80-10
94,logic00095,bb_80_dev_1
95,logic00096,bb_80_dev1_RSI_22
96,logic00097,bb_80_dev_2
97,logic00098,bb_80_dev2_RSI_22
98,logic00099,bb_80_dev_3
99,logic00100,bb_80_dev3_RSI_22
100,logic00101,RSI_14
101,logic00102,sma_slope_80-10_RSI_14
102,logic00103,sma_slope_80-10_RSI_14_MACD_80-10
103,logic00104,bb_80_dev_1
104,logic00105,bb_80_dev1_RSI_14
105,logic00106,bb_80_dev_2
106,logic00107,bb_80_dev2_RSI_14
107,logic00108,bb_80_dev_3
108,logic00109,bb_80_dev3_RSI_14
109,logic00110,RSI_9
110,logic00111,sma_slope_80-10_RSI_9
111,logic00112,sma_slope_80-10_RSI_9_MACD_80-10
112,logic00113,bb_80_dev_1
113,logic00114,bb_80_dev1_RSI_9
114,logic00115,bb_80_dev_2
115,logic00116,bb_80_dev2_RSI_9
116,logic00117,bb_80_dev_3
117,logic00118,bb_80_dev3_RSI_9
118,logic00119,MACD_30-20
119,logic00120,sma_slope_80-10_MACD_30-20
120,logic00121,RSI_22
121,logic00122,sma_slope_80-10_RSI_22
122,logic00123,sma_slope_80-10_RSI_22_MACD_80-10
123,logic00124,bb_80_dev_1
124,logic00125,bb_80_dev1_RSI_22
125,logic00126,bb_80_dev_2
126,logic00127,bb_80_dev2_RSI_22
127,logic00128,bb_80_dev_3
128,logic00129,bb_80_dev3_RSI_22
129,logic00130,RSI_14
130,logic00131,sma_slope_80-10_RSI_14
131,logic00132,sma_slope_80-10_RSI_14_MACD_80-10
132,logic00133,bb_80_dev_1
133,logic00134,bb_80_dev1_RSI_14
134,logic00135,bb_80_dev_2
135,logic00136,bb_80_dev2_RSI_14
136,logic00137,bb_80_dev_3
137,logic00138,bb_80_dev3_RSI_14
138,logic00139,RSI_9
139,logic00140,sma_slope_80-10_RSI_9
140,logic00141,sma_slope_80-10_RSI_9_MACD_80-10
141,logic00142,bb_80_dev_1
142,logic00143,bb_80_dev1_RSI_9
143,logic00144,bb_80_dev_2
144,logic00145,bb_80_dev2_RSI_9
145,logic00146,bb_80_dev_3
146,logic00147,bb_80_dev3_RSI_9
147,logic00148,MACD_20-10
148,logic00149,sma_slope_80-10_MACD_20-10
149,logic00150,RSI_22
150,logic00151,sma_slope_80-10_RSI_22
151,logic00152,sma_slope_80-10_RSI_22_MACD_80-10
152,logic00153,bb_80_dev_1
153,logic00154,bb_80_dev1_RSI_22
154,logic00155,bb_80_dev_2
155,logic00156,bb_80_dev2_RSI_22
156,logic00157,bb_80_dev_3
157,logic00158,bb_80_dev3_RSI_22
158,logic00159,RSI_14
159,logic00160,sma_slope_80-10_RSI_14
160,logic00161,sma_slope_80-10_RSI_14_MACD_80-10
161,logic00162,bb_80_dev_1
162,logic00163,bb_80_dev1_RSI_14
163,logic00164,bb_80_dev_2
164,logic00165,bb_80_dev2_RSI_14
165,logic00166,bb_80_dev_3
166,logic00167,bb_80_dev3_RSI_14
167,logic00168,RSI_9
168,logic00169,sma_slope_80-10_RSI_9
169,logic00170,sma_slope_80-10_RSI_9_MACD_80-10
170,logic00171,bb_80_dev_1
171,logic00172,bb_80_dev1_RSI_9
172,logic00173,bb_80_dev_2
173,logic00174,bb_80_dev2_RSI_9
174,logic00175,bb_80_dev_3
175,logic00176,bb_80_dev3_RSI_9
176,logic00177,sma_slope_80-20
177,logic00178,MACD_30-10
178,logic00179,sma_slope_80-20_MACD_30-10
179,logic00180,RSI_22
180,logic00181,sma_slope_80-20_RSI_22
181,logic00182,sma_slope_80-20_RSI_22_MACD_80-20
182,logic00183,bb_80_dev_1
183,logic00184,bb_80_dev1_RSI_22
184,logic00185,bb_80_dev_2
185,logic00186,bb_80_dev2_RSI_22
186,logic00187,bb_80_dev_3
187,logic00188,bb_80_dev3_RSI_22
188,logic00189,RSI_14
189,logic00190,sma_slope_80-20_RSI_14
190,logic00191,sma_slope_80-20_RSI_14_MACD_80-20
191,logic00192,bb_80_dev_1
192,logic00193,bb_80_dev1_RSI_14
193,logic00194,bb_80_dev_2
194,logic00195,bb_80_dev2_RSI_14
195,logic00196,bb_80_dev_3
196,logic00197,bb_80_dev3_RSI_14
197,logic00198,RSI_9
198,logic00199,sma_slope_80-20_RSI_9
199,logic00200,sma_slope_80-20_RSI_9_MACD_80-20
200,logic00201,bb_80_dev_1
201,logic00202,bb_80_dev1_RSI_9
202,logic00203,bb_80_dev_2
203,logic00204,bb_80_dev2_RSI_9
204,logic00205,bb_80_dev_3
205,logic00206,bb_80_dev3_RSI_9
206,logic00207,MACD_30-20
207,logic00208,sma_slope_80-20_MACD_30-20
208,logic00209,RSI_22
209,logic00210,sma_slope_80-20_RSI_22
210,logic00211,sma_slope_80-20_RSI_22_MACD_80-20
211,logic00212,bb_80_dev_1
212,logic00213,bb_80_dev1_RSI_22
213,logic00214,bb_80_dev_2
214,logic00215,bb_80_dev2_RSI_22
215,logic00216,bb_80_dev_3
216,logic00217,bb_80_dev3_RSI_22
217,logic00218,RSI_14
218,logic00219,sma_slope_80-20_RSI_14
219,logic00220,sma_slope_80-20_RSI_14_MACD_80-20
220,logic00221,bb_80_dev_1
221,logic00222,bb_80_dev1_RSI_14
222,logic00223,bb_80_dev_2
223,logic00224,bb_80_dev2_RSI_14
224,logic00225,bb_80_dev_3
225,logic00226,bb_80_dev3_RSI_14
226,logic00227,RSI_9
227,logic00228,sma_slope_80-20_RSI_9
228,logic00229,sma_slope_80-20_RSI_9_MACD_80-20
229,logic00230,bb_80_dev_1
230,logic00231,bb_80_dev1_RSI_9
231,logic00232,bb_80_dev_2
232,logic00233,bb_80_dev2_RSI_9
233,logic00234,bb_80_dev_3
234,logic00235,bb_80_dev3_RSI_9
235,logic00236,MACD_20-10
236,logic00237,sma_slope_80-20_MACD_20-10
237,logic00238,RSI_22
238,logic00239,sma_slope_80-20_RSI_22
239,logic00240,sma_slope_80-20_RSI_22_MACD_80-20
240,logic00241,bb_80_dev_1
241,logic00242,bb_80_dev1_RSI_22
242,logic00243,bb_80_dev_2
243,logic00244,bb_80_dev2_RSI_22
244,logic00245,bb_80_dev_3
245,logic00246,bb_80_dev3_RSI_22
246,logic00247,RSI_14
247,logic00248,sma_slope_80-20_RSI_14
248,logic00249,sma_slope_80-20_RSI_14_MACD_80-20
249,logic00250,bb_80_dev_1
250,logic00251,bb_80_dev1_RSI_14
251,logic00252,bb_80_dev_2
252,logic00253,bb_80_dev2_RSI_14
253,logic00254,bb_80_dev_3
254,logic00255,bb_80_dev3_RSI_14
255,logic00256,RSI_9
256,logic00257,sma_slope_80-20_RSI_9
257,logic00258,sma_slope_80-20_RSI_9_MACD_80-20
258,logic00259,bb_80_dev_1
259,logic00260,bb_80_dev1_RSI_9
260,logic00261,bb_80_dev_2
261,logic00262,bb_80_dev2_RSI_9
262,logic00263,bb_80_dev_3
263,logic00264,bb_80_dev3_RSI_9
264,logic00265,sma_slope_80-40
265,logic00266,MACD_30-10
266,logic00267,sma_slope_80-40_MACD_30-10
267,logic00268,RSI_22
268,logic00269,sma_slope_80-40_RSI_22
269,logic00270,sma_slope_80-40_RSI_22_MACD_80-40
270,logic00271,bb_80_dev_1
271,logic00272,bb_80_dev1_RSI_22
272,logic00273,bb_80_dev_2
273,logic00274,bb_80_dev2_RSI_22
274,logic00275,bb_80_dev_3
275,logic00276,bb_80_dev3_RSI_22
276,logic00277,RSI_14
277,logic00278,sma_slope_80-40_RSI_14
278,logic00279,sma_slope_80-40_RSI_14_MACD_80-40
279,logic00280,bb_80_dev_1
280,logic00281,bb_80_dev1_RSI_14
281,logic00282,bb_80_dev_2
282,logic00283,bb_80_dev2_RSI_14
283,logic00284,bb_80_dev_3
284,logic00285,bb_80_dev3_RSI_14
285,logic00286,RSI_9
286,logic00287,sma_slope_80-40_RSI_9
287,logic00288,sma_slope_80-40_RSI_9_MACD_80-40
288,logic00289,bb_80_dev_1
289,logic00290,bb_80_dev1_RSI_9
290,logic00291,bb_80_dev_2
291,logic00292,bb_80_dev2_RSI_9
292,logic00293,bb_80_dev_3
293,logic00294,bb_80_dev3_RSI_9
294,logic00295,MACD_30-20
295,logic00296,sma_slope_80-40_MACD_30-20
296,logic00297,RSI_22
297,logic00298,sma_slope_80-40_RSI_22
298,logic00299,sma_slope_80-40_RSI_22_MACD_80-40
299,logic00300,bb_80_dev_1
300,logic00301,bb_80_dev1_RSI_22
301,logic00302,bb_80_dev_2
302,logic00303,bb_80_dev2_RSI_22
303,logic00304,bb_80_dev_3
304,logic00305,bb_80_dev3_RSI_22
305,logic00306,RSI_14
306,logic00307,sma_slope_80-40_RSI_14
307,logic00308,sma_slope_80-40_RSI_14_MACD_80-40
308,logic00309,bb_80_dev_1
309,logic00310,bb_80_dev1_RSI_14
310,logic00311,bb_80_dev_2
311,logic00312,bb_80_dev2_RSI_14
312,logic00313,bb_80_dev_3
313,logic00314,bb_80_dev3_RSI_14
314,logic00315,RSI_9
315,logic00316,sma_slope_80-40_RSI_9
316,logic00317,sma_slope_80-40_RSI_9_MACD_80-40
317,logic00318,bb_80_dev_1
318,logic00319,bb_80_dev1_RSI_9
319,logic00320,bb_80_dev_2
320,logic00321,bb_80_dev2_RSI_9
321,logic00322,bb_80_dev_3
322,logic00323,bb_80_dev3_RSI_9
323,logic00324,MACD_20-10
324,logic00325,sma_slope_80-40_MACD_20-10
325,logic00326,RSI_22
326,logic00327,sma_slope_80-40_RSI_22
327,logic00328,sma_slope_80-40_RSI_22_MACD_80-40
328,logic00329,bb_80_dev_1
329,logic00330,bb_80_dev1_RSI_22
330,logic00331,bb_80_dev_2
331,logic00332,bb_80_dev2_RSI_22
332,logic00333,bb_80_dev_3
333,logic00334,bb_80_dev3_RSI_22
334,logic00335,RSI_14
335,logic00336,sma_slope_80-40_RSI_14
336,logic00337,sma_slope_80-40_RSI_14_MACD_80-40
337,logic00338,bb_80_dev_1
338,logic00339,bb_80_dev1_RSI_14
339,logic00340,bb_80_dev_2
340,logic00341,bb_80_dev2_RSI_14
341,logic00342,bb_80_dev_3
342,logic00343,bb_80_dev3_RSI_14
343,logic00344,RSI_9
344,logic00345,sma_slope_80-40_RSI_9
345,logic00346,sma_slope_80-40_RSI_9_MACD_80-40
346,logic00347,bb_80_dev_1
347,logic00348,bb_80_dev1_RSI_9
348,logic00349,bb_80_dev_2
349,logic00350,bb_80_dev2_RSI_9
350,logic00351,bb_80_dev_3
351,logic00352,bb_80_dev3_RSI_9
352,logic00353,sma_slope_40-5
353,logic00354,MACD_30-10
354,logic00355,sma_slope_40-5_MACD_30-10
355,logic00356,RSI_22
356,logic00357,sma_slope_40-5_RSI_22
357,logic00358,sma_slope_40-5_RSI_22_MACD_40-5
358,logic00359,bb_40_dev_1
359,logic00360,bb_40_dev1_RSI_22
360,logic00361,bb_40_dev_2
361,logic00362,bb_40_dev2_RSI_22
362,logic00363,bb_40_dev_3
363,logic00364,bb_40_dev3_RSI_22
364,logic00365,RSI_14
365,logic00366,sma_slope_40-5_RSI_14
366,logic00367,sma_slope_40-5_RSI_14_MACD_40-5
367,logic00368,bb_40_dev_1
368,logic00369,bb_40_dev1_RSI_14
369,logic00370,bb_40_dev_2
370,logic00371,bb_40_dev2_RSI_14
371,logic00372,bb_40_dev_3
372,logic00373,bb_40_dev3_RSI_14
373,logic00374,RSI_9
374,logic00375,sma_slope_40-5_RSI_9
375,logic00376,sma_slope_40-5_RSI_9_MACD_40-5
376,logic00377,bb_40_dev_1
377,logic00378,bb_40_dev1_RSI_9
378,logic00379,bb_40_dev_2
379,logic00380,bb_40_dev2_RSI_9
380,logic00381,bb_40_dev_3
381,logic00382,bb_40_dev3_RSI_9
382,logic00383,MACD_30-20
383,logic00384,sma_slope_40-5_MACD_30-20
384,logic00385,RSI_22
385,logic00386,sma_slope_40-5_RSI_22
386,logic00387,sma_slope_40-5_RSI_22_MACD_40-5
387,logic00388,bb_40_dev_1
388,logic00389,bb_40_dev1_RSI_22
389,logic00390,bb_40_dev_2
390,logic00391,bb_40_dev2_RSI_22
391,logic00392,bb_40_dev_3
392,logic00393,bb_40_dev3_RSI_22
393,logic00394,RSI_14
394,logic00395,sma_slope_40-5_RSI_14
395,logic00396,sma_slope_40-5_RSI_14_MACD_40-5
396,logic00397,bb_40_dev_1
397,logic00398,bb_40_dev1_RSI_14
398,logic00399,bb_40_dev_2
399,logic00400,bb_40_dev2_RSI_14
400,logic00401,bb_40_dev_3
401,logic00402,bb_40_dev3_RSI_14
402,logic00403,RSI_9
403,logic00404,sma_slope_40-5_RSI_9
404,logic00405,sma_slope_40-5_RSI_9_MACD_40-5
405,logic00406,bb_40_dev_1
406,logic00407,bb_40_dev1_RSI_9
407,logic00408,bb_40_dev_2
408,logic00409,bb_40_dev2_RSI_9
409,logic00410,bb_40_dev_3
410,logic00411,bb_40_dev3_RSI_9
411,logic00412,MACD_20-10
412,logic00413,sma_slope_40-5_MACD_20-10
413,logic00414,RSI_22
414,logic00415,sma_slope_40-5_RSI_22
415,logic00416,sma_slope_40-5_RSI_22_MACD_40-5
416,logic00417,bb_40_dev_1
417,logic00418,bb_40_dev1_RSI_22
418,logic00419,bb_40_dev_2
419,logic00420,bb_40_dev2_RSI_22
420,logic00421,bb_40_dev_3
421,logic00422,bb_40_dev3_RSI_22
422,logic00423,RSI_14
423,logic00424,sma_slope_40-5_RSI_14
424,logic00425,sma_slope_40-5_RSI_14_MACD_40-5
425,logic00426,bb_40_dev_1
426,logic00427,bb_40_dev1_RSI_14
427,logic00428,bb_40_dev_2
428,logic00429,bb_40_dev2_RSI_14
429,logic00430,bb_40_dev_3
430,logic00431,bb_40_dev3_RSI_14
431,logic00432,RSI_9
432,logic00433,sma_slope_40-5_RSI_9
433,logic00434,sma_slope_40-5_RSI_9_MACD_40-5
434,logic00435,bb_40_dev_1
435,logic00436,bb_40_dev1_RSI_9
436,logic00437,bb_40_dev_2
437,logic00438,bb_40_dev2_RSI_9
438,logic00439,bb_40_dev_3
439,logic00440,bb_40_dev3_RSI_9
440,logic00441,sma_slope_40-10
441,logic00442,MACD_30-10
442,logic00443,sma_slope_40-10_MACD_30-10
443,logic00444,RSI_22
444,logic00445,sma_slope_40-10_RSI_22
445,logic00446,sma_slope_40-10_RSI_22_MACD_40-10
446,logic00447,bb_40_dev_1
447,logic00448,bb_40_dev1_RSI_22
448,logic00449,bb_40_dev_2
449,logic00450,bb_40_dev2_RSI_22
450,logic00451,bb_40_dev_3
451,logic00452,bb_40_dev3_RSI_22
452,logic00453,RSI_14
453,logic00454,sma_slope_40-10_RSI_14
454,logic00455,sma_slope_40-10_RSI_14_MACD_40-10
455,logic00456,bb_40_dev_1
456,logic00457,bb_40_dev1_RSI_14
457,logic00458,bb_40_dev_2
458,logic00459,bb_40_dev2_RSI_14
459,logic00460,bb_40_dev_3
460,logic00461,bb_40_dev3_RSI_14
461,logic00462,RSI_9
462,logic00463,sma_slope_40-10_RSI_9
463,logic00464,sma_slope_40-10_RSI_9_MACD_40-10
464,logic00465,bb_40_dev_1
465,logic00466,bb_40_dev1_RSI_9
466,logic00467,bb_40_dev_2
467,logic00468,bb_40_dev2_RSI_9
468,logic00469,bb_40_dev_3
469,logic00470,bb_40_dev3_RSI_9
470,logic00471,MACD_30-20
471,logic00472,sma_slope_40-10_MACD_30-20
472,logic00473,RSI_22
473,logic00474,sma_slope_40-10_RSI_22
474,logic00475,sma_slope_40-10_RSI_22_MACD_40-10
475,logic00476,bb_40_dev_1
476,logic00477,bb_40_dev1_RSI_22
477,logic00478,bb_40_dev_2
478,logic00479,bb_40_dev2_RSI_22
479,logic00480,bb_40_dev_3
480,logic00481,bb_40_dev3_RSI_22
481,logic00482,RSI_14
482,logic00483,sma_slope_40-10_RSI_14
483,logic00484,sma_slope_40-10_RSI_14_MACD_40-10
484,logic00485,bb_40_dev_1
485,logic00486,bb_40_dev1_RSI_14
486,logic00487,bb_40_dev_2
487,logic00488,bb_40_dev2_RSI_14
488,logic00489,bb_40_dev_3
489,logic00490,bb_40_dev3_RSI_14
490,logic00491,RSI_9
491,logic00492,sma_slope_40-10_RSI_9
492,logic00493,sma_slope_40-10_RSI_9_MACD_40-10
493,logic00494,bb_40_dev_1
494,logic00495,bb_40_dev1_RSI_9
495,logic00496,bb_40_dev_2
496,logic00497,bb_40_dev2_RSI_9
497,logic00498,bb_40_dev_3
498,logic00499,bb_40_dev3_RSI_9
499,logic00500,MACD_20-10
500,logic00501,sma_slope_40-10_MACD_20-10
501,logic00502,RSI_22
502,logic00503,sma_slope_40-10_RSI_22
503,logic00504,sma_slope_40-10_RSI_22_MACD_40-10
504,logic00505,bb_40_dev_1
505,logic00506,bb_40_dev1_RSI_22
506,logic00507,bb_40_dev_2
507,logic00508,bb_40_dev2_RSI_22
508,logic00509,bb_40_dev_3
509,logic00510,bb_40_dev3_RSI_22
510,logic00511,RSI_14
511,logic00512,sma_slope_40-10_RSI_14
512,logic00513,sma_slope_40-10_RSI_14_MACD_40-10
513,logic00514,bb_40_dev_1
514,logic00515,bb_40_dev1_RSI_14
515,logic00516,bb_40_dev_2
516,logic00517,bb_40_dev2_RSI_14
517,logic00518,bb_40_dev_3
518,logic00519,bb_40_dev3_RSI_14
519,logic00520,RSI_9
520,logic00521,sma_slope_40-10_RSI_9
521,logic00522,sma_slope_40-10_RSI_9_MACD_40-10
522,logic00523,bb_40_dev_1
523,logic00524,bb_40_dev1_RSI_9
524,logic00525,bb_40_dev_2
525,logic00526,bb_40_dev2_RSI_9
526,logic00527,bb_40_dev_3
527,logic00528,bb_40_dev3_RSI_9
528,logic00529,sma_slope_40-20
529,logic00530,MACD_30-10
530,logic00531,sma_slope_40-20_MACD_30-10
531,logic00532,RSI_22
532,logic00533,sma_slope_40-20_RSI_22
533,logic00534,sma_slope_40-20_RSI_22_MACD_40-20
534,logic00535,bb_40_dev_1
535,logic00536,bb_40_dev1_RSI_22
536,logic00537,bb_40_dev_2
537,logic00538,bb_40_dev2_RSI_22
538,logic00539,bb_40_dev_3
539,logic00540,bb_40_dev3_RSI_22
540,logic00541,RSI_14
541,logic00542,sma_slope_40-20_RSI_14
542,logic00543,sma_slope_40-20_RSI_14_MACD_40-20
543,logic00544,bb_40_dev_1
544,logic00545,bb_40_dev1_RSI_14
545,logic00546,bb_40_dev_2
546,logic00547,bb_40_dev2_RSI_14
547,logic00548,bb_40_dev_3
548,logic00549,bb_40_dev3_RSI_14
549,logic00550,RSI_9
550,logic00551,sma_slope_40-20_RSI_9
551,logic00552,sma_slope_40-20_RSI_9_MACD_40-20
552,logic00553,bb_40_dev_1
553,logic00554,bb_40_dev1_RSI_9
554,logic00555,bb_40_dev_2
555,logic00556,bb_40_dev2_RSI_9
556,logic00557,bb_40_dev_3
557,logic00558,bb_40_dev3_RSI_9
558,logic00559,MACD_30-20
559,logic00560,sma_slope_40-20_MACD_30-20
560,logic00561,RSI_22
561,logic00562,sma_slope_40-20_RSI_22
562,logic00563,sma_slope_40-20_RSI_22_MACD_40-20
563,logic00564,bb_40_dev_1
564,logic00565,bb_40_dev1_RSI_22
565,logic00566,bb_40_dev_2
566,logic00567,bb_40_dev2_RSI_22
567,logic00568,bb_40_dev_3
568,logic00569,bb_40_dev3_RSI_22
569,logic00570,RSI_14
570,logic00571,sma_slope_40-20_RSI_14
571,logic00572,sma_slope_40-20_RSI_14_MACD_40-20
572,logic00573,bb_40_dev_1
573,logic00574,bb_40_dev1_RSI_14
574,logic00575,bb_40_dev_2
575,logic00576,bb_40_dev2_RSI_14
576,logic00577,bb_40_dev_3
577,logic00578,bb_40_dev3_RSI_14
578,logic00579,RSI_9
579,logic00580,sma_slope_40-20_RSI_9
580,logic00581,sma_slope_40-20_RSI_9_MACD_40-20
581,logic00582,bb_40_dev_1
582,logic00583,bb_40_dev1_RSI_9
583,logic00584,bb_40_dev_2
584,logic00585,bb_40_dev2_RSI_9
585,logic00586,bb_40_dev_3
586,logic00587,bb_40_dev3_RSI_9
587,logic00588,MACD_20-10
588,logic00589,sma_slope_40-20_MACD_20-10
589,logic00590,RSI_22
590,logic00591,sma_slope_40-20_RSI_22
591,logic00592,sma_slope_40-20_RSI_22_MACD_40-20
592,logic00593,bb_40_dev_1
593,logic00594,bb_40_dev1_RSI_22
594,logic00595,bb_40_dev_2
595,logic00596,bb_40_dev2_RSI_22
596,logic00597,bb_40_dev_3
597,logic00598,bb_40_dev3_RSI_22
598,logic00599,RSI_14
599,logic00600,sma_slope_40-20_RSI_14
600,logic00601,sma_slope_40-20_RSI_14_MACD_40-20
601,logic00602,bb_40_dev_1
602,logic00603,bb_40_dev1_RSI_14
603,logic00604,bb_40_dev_2
604,logic00605,bb_40_dev2_RSI_14
605,logic00606,bb_40_dev_3
606,logic00607,bb_40_dev3_RSI_14
607,logic00608,RSI_9
608,logic00609,sma_slope_40-20_RSI_9
609,logic00610,sma_slope_40-20_RSI_9_MACD_40-20
610,logic00611,bb_40_dev_1
611,logic00612,bb_40_dev1_RSI_9
612,logic00613,bb_40_dev_2
613,logic00614,bb_40_dev2_RSI_9
614,logic00615,bb_40_dev_3
615,logic00616,bb_40_dev3_RSI_9
616,logic00617,sma_slope_20-5
617,logic00618,MACD_30-10
618,logic00619,sma_slope_20-5_MACD_30-10
619,logic00620,RSI_22
620,logic00621,sma_slope_20-5_RSI_22
621,logic00622,sma_slope_20-5_RSI_22_MACD_20-5
622,logic00623,bb_20_dev_1
623,logic00624,bb_20_dev1_RSI_22
624,logic00625,bb_20_dev_2
625,logic00626,bb_20_dev2_RSI_22
626,logic00627,bb_20_dev_3
627,logic00628,bb_20_dev3_RSI_22
628,logic00629,RSI_14
629,logic00630,sma_slope_20-5_RSI_14
630,logic00631,sma_slope_20-5_RSI_14_MACD_20-5
631,logic00632,bb_20_dev_1
632,logic00633,bb_20_dev1_RSI_14
633,logic00634,bb_20_dev_2
634,logic00635,bb_20_dev2_RSI_14
635,logic00636,bb_20_dev_3
636,logic00637,bb_20_dev3_RSI_14
637,logic00638,RSI_9
638,logic00639,sma_slope_20-5_RSI_9
639,logic00640,sma_slope_20-5_RSI_9_MACD_20-5
640,logic00641,bb_20_dev_1
641,logic00642,bb_20_dev1_RSI_9
642,logic00643,bb_20_dev_2
643,logic00644,bb_20_dev2_RSI_9
644,logic00645,bb_20_dev_3
645,logic00646,bb_20_dev3_RSI_9
646,logic00647,MACD_30-20
647,logic00648,sma_slope_20-5_MACD_30-20
648,logic00649,RSI_22
649,logic00650,sma_slope_20-5_RSI_22
650,logic00651,sma_slope_20-5_RSI_22_MACD_20-5
651,logic00652,bb_20_dev_1
652,logic00653,bb_20_dev1_RSI_22
653,logic00654,bb_20_dev_2
654,logic00655,bb_20_dev2_RSI_22
655,logic00656,bb_20_dev_3
656,logic00657,bb_20_dev3_RSI_22
657,logic00658,RSI_14
658,logic00659,sma_slope_20-5_RSI_14
659,logic00660,sma_slope_20-5_RSI_14_MACD_20-5
660,logic00661,bb_20_dev_1
661,logic00662,bb_20_dev1_RSI_14
662,logic00663,bb_20_dev_2
663,logic00664,bb_20_dev2_RSI_14
664,logic00665,bb_20_dev_3
665,logic00666,bb_20_dev3_RSI_14
666,logic00667,RSI_9
667,logic00668,sma_slope_20-5_RSI_9
668,logic00669,sma_slope_20-5_RSI_9_MACD_20-5
669,logic00670,bb_20_dev_1
670,logic00671,bb_20_dev1_RSI_9
671,logic00672,bb_20_dev_2
672,logic00673,bb_20_dev2_RSI_9
673,logic00674,bb_20_dev_3
674,logic00675,bb_20_dev3_RSI_9
675,logic00676,MACD_20-10
676,logic00677,sma_slope_20-5_MACD_20-10
677,logic00678,RSI_22
678,logic00679,sma_slope_20-5_RSI_22
679,logic00680,sma_slope_20-5_RSI_22_MACD_20-5
680,logic00681,bb_20_dev_1
681,logic00682,bb_20_dev1_RSI_22
682,logic00683,bb_20_dev_2
683,logic00684,bb_20_dev2_RSI_22
684,logic00685,bb_20_dev_3
685,logic00686,bb_20_dev3_RSI_22
686,logic00687,RSI_14
687,logic00688,sma_slope_20-5_RSI_14
688,logic00689,sma_slope_20-5_RSI_14_MACD_20-5
689,logic00690,bb_20_dev_1
690,logic00691,bb_20_dev1_RSI_14
691,logic00692,bb_20_dev_2
692,logic00693,bb_20_dev2_RSI_14
693,logic00694,bb_20_dev_3
694,logic00695,bb_20_dev3_RSI_14
695,logic00696,RSI_9
696,logic00697,sma_slope_20-5_RSI_9
697,logic00698,sma_slope_20-5_RSI_9_MACD_20-5
698,logic00699,bb_20_dev_1
699,logic00700,bb_20_dev1_RSI_9
700,logic00701,bb_20_dev_2
701,logic00702,bb_20_dev2_RSI_9
702,logic00703,bb_20_dev_3
703,logic00704,bb_20_dev3_RSI_9
704,logic00705,sma_slope_20-10
705,logic00706,MACD_30-10
706,logic00707,sma_slope_20-10_MACD_30-10
707,logic00708,RSI_22
708,logic00709,sma_slope_20-10_RSI_22
709,logic00710,sma_slope_20-10_RSI_22_MACD_20-10
710,logic00711,bb_20_dev_1
711,logic00712,bb_20_dev1_RSI_22
712,logic00713,bb_20_dev_2
713,logic00714,bb_20_dev2_RSI_22
714,logic00715,bb_20_dev_3
715,logic00716,bb_20_dev3_RSI_22
716,logic00717,RSI_14
717,logic00718,sma_slope_20-10_RSI_14
718,logic00719,sma_slope_20-10_RSI_14_MACD_20-10
719,logic00720,bb_20_dev_1
720,logic00721,bb_20_dev1_RSI_14
721,logic00722,bb_20_dev_2
722,logic00723,bb_20_dev2_RSI_14
723,logic00724,bb_20_dev_3
724,logic00725,bb_20_dev3_RSI_14
725,logic00726,RSI_9
726,logic00727,sma_slope_20-10_RSI_9
727,logic00728,sma_slope_20-10_RSI_9_MACD_20-10
728,logic00729,bb_20_dev_1
729,logic00730,bb_20_dev1_RSI_9
730,logic00731,bb_20_dev_2
731,logic00732,bb_20_dev2_RSI_9
732,logic00733,bb_20_dev_3
733,logic00734,bb_20_dev3_RSI_9
734,logic00735,MACD_30-20
735,logic00736,sma_slope_20-10_MACD_30-20
736,logic00737,RSI_22
737,logic00738,sma_slope_20-10_RSI_22
738,logic00739,sma_slope_20-10_RSI_22_MACD_20-10
739,logic00740,bb_20_dev_1
740,logic00741,bb_20_dev1_RSI_22
741,logic00742,bb_20_dev_2
742,logic00743,bb_20_dev2_RSI_22
743,logic00744,bb_20_dev_3
744,logic00745,bb_20_dev3_RSI_22
745,logic00746,RSI_14
746,logic00747,sma_slope_20-10_RSI_14
747,logic00748,sma_slope_20-10_RSI_14_MACD_20-10
748,logic00749,bb_20_dev_1
749,logic00750,bb_20_dev1_RSI_14
750,logic00751,bb_20_dev_2
751,logic00752,bb_20_dev2_RSI_14
752,logic00753,bb_20_dev_3
753,logic00754,bb_20_dev3_RSI_14
754,logic00755,RSI_9
755,logic00756,sma_slope_20-10_RSI_9
756,logic00757,sma_slope_20-10_RSI_9_MACD_20-10
757,logic00758,bb_20_dev_1
758,logic00759,bb_20_dev1_RSI_9
759,logic00760,bb_20_dev_2
760,logic00761,bb_20_dev2_RSI_9
761,logic00762,bb_20_dev_3
762,logic00763,bb_20_dev3_RSI_9
763,logic00764,MACD_20-10
764,logic00765,sma_slope_20-10_MACD_20-10
765,logic00766,RSI_22
766,logic00767,sma_slope_20-10_RSI_22
767,logic00768,sma_slope_20-10_RSI_22_MACD_20-10
768,logic00769,bb_20_dev_1
769,logic00770,bb_20_dev1_RSI_22
770,logic00771,bb_20_dev_2
771,logic00772,bb_20_dev2_RSI_22
772,logic00773,bb_20_dev_3
773,logic00774,bb_20_dev3_RSI_22
774,logic00775,RSI_14
775,logic00776,sma_slope_20-10_RSI_14
776,logic00777,sma_slope_20-10_RSI_14_MACD_20-10
777,logic00778,bb_20_dev_1
778,logic00779,bb_20_dev1_RSI_14
779,logic00780,bb_20_dev_2
780,logic00781,bb_20_dev2_RSI_14
781,logic00782,bb_20_dev_3
782,logic00783,bb_20_dev3_RSI_14
783,logic00784,RSI_9
784,logic00785,sma_slope_20-10_RSI_9
785,logic00786,sma_slope_20-10_RSI_9_MACD_20-10
786,logic00787,bb_20_dev_1
787,logic00788,bb_20_dev1_RSI_9
788,logic00789,bb_20_dev_2
789,logic00790,bb_20_dev2_RSI_9
790,logic00791,bb_20_dev_3
791,logic00792,bb_20_dev3_RSI_9
792,logic00793,sma_slope_10-5
793,logic00794,MACD_30-10
794,logic00795,sma_slope_10-5_MACD_30-10
795,logic00796,RSI_22
796,logic00797,sma_slope_10-5_RSI_22
797,logic00798,sma_slope_10-5_RSI_22_MACD_10-5
798,logic00799,bb_10_dev_1
799,logic00800,bb_10_dev1_RSI_22
800,logic00801,bb_10_dev_2
801,logic00802,bb_10_dev2_RSI_22
802,logic00803,bb_10_dev_3
803,logic00804,bb_10_dev3_RSI_22
804,logic00805,RSI_14
805,logic00806,sma_slope_10-5_RSI_14
806,logic00807,sma_slope_10-5_RSI_14_MACD_10-5
807,logic00808,bb_10_dev_1
808,logic00809,bb_10_dev1_RSI_14
809,logic00810,bb_10_dev_2
810,logic00811,bb_10_dev2_RSI_14
811,logic00812,bb_10_dev_3
812,logic00813,bb_10_dev3_RSI_14
813,logic00814,RSI_9
814,logic00815,sma_slope_10-5_RSI_9
815,logic00816,sma_slope_10-5_RSI_9_MACD_10-5
816,logic00817,bb_10_dev_1
817,logic00818,bb_10_dev1_RSI_9
818,logic00819,bb_10_dev_2
819,logic00820,bb_10_dev2_RSI_9
820,logic00821,bb_10_dev_3
821,logic00822,bb_10_dev3_RSI_9
822,logic00823,MACD_30-20
823,logic00824,sma_slope_10-5_MACD_30-20
824,logic00825,RSI_22
825,logic00826,sma_slope_10-5_RSI_22
826,logic00827,sma_slope_10-5_RSI_22_MACD_10-5
827,logic00828,bb_10_dev_1
828,logic00829,bb_10_dev1_RSI_22
829,logic00830,bb_10_dev_2
830,logic00831,bb_10_dev2_RSI_22
831,logic00832,bb_10_dev_3
832,logic00833,bb_10_dev3_RSI_22
833,logic00834,RSI_14
834,logic00835,sma_slope_10-5_RSI_14
835,logic00836,sma_slope_10-5_RSI_14_MACD_10-5
836,logic00837,bb_10_dev_1
837,logic00838,bb_10_dev1_RSI_14
838,logic00839,bb_10_dev_2
839,logic00840,bb_10_dev2_RSI_14
840,logic00841,bb_10_dev_3
841,logic00842,bb_10_dev3_RSI_14
842,logic00843,RSI_9
843,logic00844,sma_slope_10-5_RSI_9
844,logic00845,sma_slope_10-5_RSI_9_MACD_10-5
845,logic00846,bb_10_dev_1
846,logic00847,bb_10_dev1_RSI_9
847,logic00848,bb_10_dev_2
848,logic00849,bb_10_dev2_RSI_9
849,logic00850,bb_10_dev_3
850,logic00851,bb_10_dev3_RSI_9
851,logic00852,MACD_20-10
852,logic00853,sma_slope_10-5_MACD_20-10
853,logic00854,RSI_22
854,logic00855,sma_slope_10-5_RSI_22
855,logic00856,sma_slope_10-5_RSI_22_MACD_10-5
856,logic00857,bb_10_dev_1
857,logic00858,bb_10_dev1_RSI_22
858,logic00859,bb_10_dev_2
859,logic00860,bb_10_dev2_RSI_22
860,logic00861,bb_10_dev_3
861,logic00862,bb_10_dev3_RSI_22
862,logic00863,RSI_14
863,logic00864,sma_slope_10-5_RSI_14
864,logic00865,sma_slope_10-5_RSI_14_MACD_10-5
865,logic00866,bb_10_dev_1
866,logic00867,bb_10_dev1_RSI_14
867,logic00868,bb_10_dev_2
868,logic00869,bb_10_dev2_RSI_14
869,logic00870,bb_10_dev_3
870,logic00871,bb_10_dev3_RSI_14
871,logic00872,RSI_9
872,logic00873,sma_slope_10-5_RSI_9
873,logic00874,sma_slope_10-5_RSI_9_MACD_10-5
874,logic00875,bb_10_dev_1
875,logic00876,bb_10_dev1_RSI_9
876,logic00877,bb_10_dev_2
877,logic00878,bb_10_dev2_RSI_9
878,logic00879,bb_10_dev_3
879,logic00880,bb_10_dev3_RSI_9
880,logic00881,DMI
